id,first_name,last_name,email,gender,ip_address,animal,yada,machine,buzz,country,name,movie,sha1,university,animal2,description
1,Lyndy,Ible,lible0@umich.edu,Female,254.134.238.254,Didelphis virginiana,false,Skid-Steer,tertiary,AU,Lyndy Ible,Drama,4f691a1c7ad31135ff25453e3c59c1aaa1b7d3fc,University of Adelaide,"Opossum, american virginia",Upgradable motivating Graphical User Interface
2,Ceciley,Ortzen,cortzen1@irs.gov,Female,172.163.249.170,Cordylus giganteus,true,Backhoe,open system,BG,Ceciley Ortzen,Adventure|Animation|Children|IMAX,3a83f8db73de67971f98fae62b5de95c83ad56de,"University of Architecture, Civil Engineering and Geodesy","Gazer, sun",Visionary global capability
3,Talya,Grahamslaw,tgrahamslaw2@dedecms.com,Genderqueer,250.200.70.233,Macropus eugenii,false,Excavator,static,CN,Talya Grahamslaw,Adventure|Comedy|Drama,dccd7cd9c064aceed9ff569d59530707f2a4c5c2,Zhengda Software College,"Wallaby, dama",User-centric foreground service-desk
4,Grady,Counihan,gcounihan3@mail.ru,Male,75.36.199.135,Bubalus arnee,true,Trencher,Multi-lateral,PH,Grady Counihan,Comedy|Drama,d08041e613b0bbe35df8f623cb65ba91cde8fce4,Misamis University,"Buffalo, wild water",Synchronised methodical alliance
5,Sadie,Pawels,spawels4@people.com.cn,Female,30.65.206.46,Haliaetus leucogaster,true,Bulldozer,extranet,AR,Sadie Pawels,Crime|Drama|Thriller,2e14fdc5581b9048ff3e450e24b79a29b76589fe,Instituto Universitario CEMA,White-bellied sea eagle,Proactive mobile task-force
6,Giustino,Newland,gnewland5@theatlantic.com,Male,29.75.122.74,Uraeginthus granatina,false,Excavator,archive,IL,Giustino Newland,Comedy|Drama,becd6debd9fa18a9b87c7a2fd95e50debad44236,Acdemic Center for Law and Business,"Grenadier, purple",Inverse radical projection
7,Avigdor,Millar,amillar6@ed.gov,Male,87.211.12.125,Phalacrocorax varius,true,Scraper,scalable,RU,Avigdor Millar,Drama,6da94cd040435543bf6778de558fc12cf37cf27a,Moscow State Technical University of Civil Aviation,"Cormorant, pied",Ameliorated mission-critical installation
8,Shurlocke,Reeson,sreeson7@sciencedaily.com,Male,226.108.129.104,Pseudalopex gymnocercus,true,Backhoe,interface,RS,Shurlocke Reeson,Comedy,c44241d770e9dd3a99f3135681b67a24a4268672,University of Novi Sad,"Fox, pampa gray",Pre-emptive coherent standardization
9,Fields,Penrose,fpenrose8@irs.gov,Male,28.79.127.142,Tayassu tajacu,false,Skid-Steer,middleware,CA,Fields Penrose,Documentary,5fca6e95deb678aedff92e10a1f4e8e285a8c374,Camosun College,Collared peccary,Decentralized directional contingency
10,Kennan,Tonry,ktonry9@histats.com,Male,203.144.138.238,Paradoxurus hermaphroditus,false,Scraper,Optional,LT,Kennan Tonry,Comedy|Drama,ee8b8ee94b326e8d852b729558d2c211c8934ba0,Siauliai University,"Cat, toddy",Visionary modular function
